Feature,Univariate_Score,Mutual_Info_Score,LightGBM_Importance,SHAP_Importance,Correlation_With_Target
Open_BID,9.108063086893683,0.05196067897000267,6,0.004200607285919713,-0.04157234496410922
High_BID,9.035528823791733,0.0494195293803017,27,0.023384848237727313,-0.04138173498857611
Low_BID,9.040570275195813,0.06637423115537144,6,0.0074314576869873306,-0.041328756616390905
Close_BID,8.721140743039987,0.05425100213451839,4,0.00235422648938426,-0.04062789783168341
Volume_BID,3.2240488223473283,0.008275182356547672,3,0.002236526833990061,-0.02469623016806821
Open_ASK,9.142024140497206,0.05412803362780405,4,0.0032633848672073153,-0.04154641106229651
High_ASK,9.015113791799731,0.0512039946566083,3,0.004554260326707745,-0.041364036957002304
Low_ASK,9.043113240487235,0.05629230209130731,3,0.005476490479463722,-0.04129298356274891
Close_ASK,8.690264292499961,0.057379410881033044,5,0.0043650128414376085,-0.04057664419133655
Volume_ASK,5.292530921739314,0.008791350843432078,5,0.010482551602428553,-0.031642795046697536
Mid_Price,8.692874284040325,0.05434590300050557,4,0.005922035944158057,-0.0406022713302141
Spread,7.939862533830148,0.0,7,0.00790107350599451,0.03874886689482082
Volume,4.2365358467636725,0.008492282556166186,1,0.0011134530643397594,-0.028312286424046818
Open_Mid,9.121477199879868,0.049235852314257755,0,0.0,-0.04155940255423474
High_Mid,9.051809360246898,0.05102958426738047,11,0.045443640091598084,-0.041372886428110434
Low_Mid,9.017102460402997,0.06274772850900456,4,0.015420901695130452,-0.041310872302753765
Close_Mid,8.692874284040325,0.054063063226699626,0,0.0,-0.0406022713302141
Unix_Diff_Until_Earnings,3.7429035789823084,0.0013704005258143859,253,0.16158911954970304,-0.026611920039613324
Month,2.0217681375161214,0.018783082726785638,46,0.04051122293313305,-0.019564562313462375
Day_Type,7.7627669140662725,0.0075556986524252245,29,0.04394434303057785,0.038315429774229415
Week_of_Year,1.7339992611441355,0.07371748105948117,188,0.28483730531162704,-0.018117503174835292
Quarter,0.03235818131678093,0.0,0,0.0,-0.002459789175190963
Hour,0.2582591319098374,0.0033581794926651476,2,0.0006932593667998975,0.007021254000051158
Is_Open_Hour,0.04445553661120383,0.018041333534078108,0,0.0,0.002901851781643927
Is_Close_Hour,0.18260094224451257,0.0101102196366325,0,0.0,0.005880774217075668
Day_of_Week,0.945797395875663,0.013894746710520378,24,0.031134171798665507,-0.013386435280153819
Is_Lunch_Time,0.03762792244887128,0.00023907765359987287,0,0.0,0.00266940139408689
Time_Since_Open,0.31022734636386146,0.008692568025671532,0,0.0,0.007667400630452903
score,37.05010866939102,0.4591577093069532,188,0.1859339134415293,-0.08346629744708878
rating,47.050314016596424,0.005772732327259833,0,0.0,-0.09398018091087579
SMA_3,8.814760024875001,0.06402825563441539,3,0.0022428199675812465,-0.040843654873413016
SMA_6,8.966981206820757,0.05179582181033293,4,0.006377319269572511,-0.041235385475875797
SMA_12,9.146350273214372,0.06392109144096336,10,0.006076399579846451,-0.041636040148052444
SMA_5,8.955375489522307,0.053190488309128314,1,0.0015058940442869142,-0.04115750635650528
SMA_10,9.07862376989743,0.05491846566616854,7,0.01826005198674866,-0.041458420047060685
SMA_20,9.189604910841288,0.050882674479023615,20,0.03856847690382543,-0.04175509169452418
EMA_3,8.844751045160017,0.05904222467210185,4,0.010192196562639417,-0.04086289263350196
EMA_6,8.962080322553238,0.055896264054944966,2,0.003973858130816111,-0.0411449559980781
EMA_12,9.081179373739076,0.05973246397359033,5,0.006949095618174511,-0.04141714150352005
EMA_26,9.000975689691018,0.05552560196840939,15,0.026235154916624117,-0.04134455583763241
MACD,0.20813978087820498,0.015510228697655837,113,0.08532490011707089,-0.00627842366469622
Signal_Line,0.7185827714477366,0.0016948965169072405,112,0.06572863314718765,-0.01166518246308712
%K,4.232253463945493,0.01574417507453263,9,0.006249968565683222,0.02830769171006864
%D,3.591823498586947,0.006702805594874572,38,0.03064634637417377,0.02606684731153308
CCI,0.2729719887315529,0.007163788652771119,55,0.0672724627149798,-0.007189886355202901
Return_1H,0.22225263744000864,0.0,3,0.0010505029956072184,0.006487796249706079
Return_3H,0.688441401662373,0.0038478335595346636,8,0.005222545018585511,0.01141792387554208
Return_6H,0.4281452862039878,0.0,23,0.04546791001032295,0.009004527646286675
RSI_long,1.557564348811618,0.0,44,0.026406006857265473,0.017159465737663915
RSI_short,1.557564348811618,0.0,0,0.0,0.017159465737663915
Middle_Band,9.189604910841288,0.050985381103880956,0,0.0,-0.04175509169452418
Upper_Band,9.129259623532397,0.08054436591383385,31,0.0301208110391956,-0.04155891643178222
Lower_Band,9.195310681804784,0.08004022520200405,26,0.03483651914505821,-0.04165162609634804
High_Low,0.027414076096667444,0.0,3,0.0014998277732719543,-0.0023219917193841866
High_Close,0.3107612620417899,0.007627195089560779,19,0.03604438539766249,-0.0076727605137989485
Low_Close,0.028141539116445066,0.003085157046060605,5,0.0013370801589206495,-0.0023091881153050053
True_Range,0.13759853103210626,0.0,0,0.0,-0.005109790727146901
ATR,3.7678507305584112,0.008234122447913661,99,0.05339952657951695,0.026722409548796122
Volume_SMA_3,3.6022895343758714,0.0,16,0.0158061810250869,-0.0261109928666734
Volume_SMA_6,2.2536116431694855,0.003371637787519921,53,0.046683316927959254,-0.020638339100948144
OBV,0.6620381574707613,0.03850975351499719,114,0.19220498701074437,0.011233877498604272
MF_Multiplier,6.333681992342396,0.017008931202160404,2,0.0006236110948551272,0.03461406496872499
MF_Volume,5.355416850759305,0.0,3,0.0008977585636635313,0.03183167790002983
CMF,10.072525208746542,0.0,60,0.026828560707689988,0.043635338263126044
Volatility,1.9573368648202123,0.009135459789643141,10,0.004499855619855976,-0.019252690605277678
Return,0.22225263744000864,0.0,0,0.0,0.006487796249706079
Volume_change,0.09963986553832105,0.0,1,0.0004266589822220955,-0.0043441246324498195
Lag_Mid_Price_1,8.874034271758827,0.05415261412586525,2,0.001371124049498238,-0.040878878530127505
Lag_Mid_Price_2,8.906691744783007,0.04855448699071019,0,0.0,-0.04099472580734087
Lag_Mid_Price_3,9.034801788296685,0.04504780500883143,6,0.016157383055791317,-0.04137548935230306
Lag_Mid_Price_4,9.202937114373896,0.0458047762939382,10,0.019755414449635876,-0.04177005562374614
Lag_Return_1,0.10742142994926408,0.0,2,0.0008336683743320518,0.004510490940206502
Lag_Return_2,0.4545842251875559,0.0,3,0.0016582144751233162,0.009278370446764939
Lag_Return_3,0.5454468656562136,0.008643851383061119,0,0.0,0.010163347468346906
Lag_Return_4,0.07255620288296187,0.003358492512163469,5,0.0013552549137290741,-0.003706954989296296
Return_1,0.22225263744000864,0.0,0,0.0,0.006487796249706079
Return_5,0.714677494446314,0.014587039486307463,8,0.0061433365178669265,0.011633418125146733
Return_10,0.7110341348216915,0.008180546454572557,34,0.024432959423049978,0.011603719870934892
Rolling_Mean_5,8.955375489522307,0.05365825748908848,0,0.0,-0.04115750635650528
Rolling_Std_5,1.9573368648202123,0.009178282674192406,0,0.0,-0.019252690605277678
Lagged_Volatility,1.1850424286098387,0.007669599192075216,15,0.007228968525221339,-0.014982373236289703
Hammer,2.186357696100591,0.009463602107682156,0,0.0,-0.020344918928458355
Rolling_Skew,6.7951459646367445,0.001551266581978794,82,0.03198937185143286,-0.035851147189852384
Rolling_Kurt,0.021629784467887134,0.015602630725253475,79,0.04044494161269501,0.0020197802155283995
Price_Z_Score,0.0004083595576516494,0.0,22,0.02082393647709518,-0.0002794947440651896
Conversion_Line,10.040137190547698,0.20475626656323143,5,0.008007978614295488,-0.043617013656472636
Base_Line,9.835844961665583,0.2876109352712468,68,0.05928006094428693,-0.04309853764272731
Leading_Span_A,8.384956557216148,0.1664219878430293,115,0.07966904994504183,-0.03986449631938527
Leading_Span_B,9.957010248114894,0.2757068914131169,219,0.21405030140601944,-0.04347262046094258
Williams_%R,4.234811166782377,0.015646358590877485,1,0.001003152517528313,0.028307691680964808
High_Low_Ratio,31.698041675626218,0.0,2,0.000936684868083622,0.007655141147555611
Close_Open_Ratio,11.1260743016376,0.0,4,0.0059027867048176055,0.02544342150520862
Order_Imbalance,8.231699820130647,0.0003688204085223745,16,0.02113944608002568,0.03945383755907983
VPT,30.976441580975546,0.05373369456494825,161,0.20712757284271047,-0.07639603564857822
A/D_Line,0.7850527682741617,0.07846134508964209,114,0.10558536432056966,0.01221187484093278
Support_10,10.158056981803883,0.29557999614376973,27,0.05352852736250968,-0.04384506056983106
Resistance_10,10.062406929770479,0.31969055556360026,36,0.07507327260233054,-0.04359679657378024
Support_Close_10,9.094477715807901,0.3069467075685455,19,0.023045873829209855,-0.04144032091916472
Resistance_Close_10,9.715221969560949,0.31042503258309595,30,0.08505257444977145,-0.04288036616520685
Support_20,10.578116950626546,0.30871772524848096,42,0.05878547692548025,-0.044756324559379834
Resistance_20,9.54221726339424,0.3105215485279884,46,0.038872027171646915,-0.042505758910124314
Support_Close_20,9.401419208999478,0.31252943534287625,51,0.05371104580976757,-0.042138250876533334
Resistance_Close_20,9.310830146855134,0.2951890076177117,19,0.013909159733181744,-0.04195615641342987
SMA5_Volume,12.78314899696011,0.0030459356681742378,8,0.006111488592657674,-0.04914287486252533
RSI_Volatility,0.37780600861145863,0.0,8,0.004658787875771486,-0.008462031478337906
