Feature,Univariate_Score,Mutual_Info_Score,Random_Forest_Importance
Open_BID,36.29966131945623,0.011936742521513333,0.006681914261413512
High_BID,36.95067883680168,0.012004263930214254,0.007163478778097108
Low_BID,36.51520506647992,0.011963115378672784,0.006958061511395839
Close_BID,36.8806264210835,0.008619666541756166,0.007629308893249721
Volume_BID,0.5505143869959208,0.0,0.008786644781273646
Open_ASK,36.388268149131584,0.010287938497065108,0.006166266637881734
High_ASK,37.00128267074853,0.016531099422141038,0.00678202219324716
Low_ASK,36.56859536257061,0.010919405298805307,0.007678682896416505
Close_ASK,36.89585838084362,0.00883133765921329,0.007632295468071277
Volume_ASK,0.5240327867150552,0.0028642517835981707,0.008762291315723229
Mid_Price,36.88794376429873,0.007538206867831132,0.00767570879497169
Spread,0.08228018854948119,0.0,0.00629389699396222
Volume,0.5371397673402909,0.0034090202917842483,0.008552737664251941
Open_Mid,36.34374808026136,0.004558019030918237,0.0066965881723617835
High_Mid,36.964263924341154,0.014971183562013879,0.007757812231660986
Low_Mid,36.53321935273711,0.014790776904031633,0.007056601226446444
Close_Mid,36.88794376429873,0.008022547186463225,0.007600374593314938
Unix_Diff_Until_Earnings,2.4863297281694807,0.3352032763823307,0.020897987343570814
Month,0.17666744571745058,0.0,0.0010142734578437475
Day_Type,0.0034869428001053173,0.0,0.0015169666733341402
Week_of_Year,2.2387543273642647,0.0022868171661958314,0.0020115556882764367
Quarter,1.812831989890889,0.009893949793008616,0.00042156799462877157
Hour,2.6988666779713455,0.0,0.004889921640695087
Is_Open_Hour,0.03921751145979115,0.0004277603646554162,0.0003896459963328014
Is_Close_Hour,10.731608479438941,0.0035329679562108307,0.0013129592727028911
Day_of_Week,0.30820493372396063,0.0,0.003145850419158178
Is_Lunch_Time,0.17957802044625745,0.0,0.0018225772845384927
Time_Since_Open,2.919383858003571,0.003536036272891785,0.0047534153967097766
score,7.224593524170921,0.0030094960404678517,0.004821788376435371
rating,7.831709546966757,0.006149667553588811,0.0010584447814614125
SMA_3,37.09948169038621,0.01322311826990541,0.00767070531157416
SMA_6,37.93332587110931,0.010115666654417543,0.008547969685619307
SMA_12,37.7910349494392,0.012332322188278733,0.0089841493123624
SMA_5,37.77160366348435,0.013836055495378696,0.007714725531222564
SMA_10,37.87523602472341,0.006436949580732376,0.008725027080173895
SMA_20,38.02035708400422,0.017803269630408902,0.010878190528025099
EMA_3,37.20573004421115,0.013149457432380496,0.008098576227308368
EMA_6,37.59212507565225,0.017652050535603037,0.008164373393803851
EMA_12,37.94255789874838,0.016346604619011273,0.009274293192811726
EMA_26,38.45041843582767,0.018576434416350374,0.012143221033410208
MACD,0.32675064818662986,0.0,0.01723938557000456
Signal_Line,-0.061700571841131355,0.004814449495343931,0.01742453082831282
%K,0.6491820169426539,0.004665803268646851,0.011378674910368907
%D,3.114051505543151,0.0030907921056004817,0.013356510820127163
CCI,2.212118635582835,0.008687748543887208,0.01200156382217073
Return_1H,-1.358946318335354,0.005462442310405491,0.008236092402557927
Return_3H,3.640809818040131,0.006866379446206938,0.011249057806191667
Return_6H,0.01792975201715562,0.008995399879061727,0.011999366094697468
RSI_long,0.9625171672716588,0.0,0.012425056498129907
RSI_short,0.9625171672716588,0.0,0.01332112548407677
Middle_Band,38.02035708400422,0.018501259536668924,0.011600341806038049
Upper_Band,39.75115915337248,0.028654812050611822,0.013132407395998214
Lower_Band,35.23826154270089,0.022056242797600545,0.013078716541627037
High_Low,0.21616331155029517,0.005008486745775809,0.00808666427570494
High_Close,1.7148127365042116,0.0,0.0083721064393883
Low_Close,0.004184995584892044,0.0,0.008678008010782752
True_Range,0.5531453695922399,0.0,0.008892142397749589
ATR,3.6381136282183806,0.0077043779471519525,0.017340636252409364
Volume_SMA_3,0.08124846325919796,0.003453271017927584,0.013039683208271662
Volume_SMA_6,0.03617001784239179,0.00829257695582375,0.014724577610761971
OBV,22.124337335499824,0.01333088085491485,0.018443351197521714
MF_Multiplier,0.03811345994569849,0.00570282240677078,0.009822770430497653
MF_Volume,-0.020550295264004755,0.0,0.009651032493851082
CMF,3.791551609782472,0.004334112343659102,0.015958655760354983
Volatility,1.870285875017831,0.007357386253592946,0.011530560375190362
Return,-1.358946318335354,0.006865711001382335,0.008305079689938351
Volume_change,2.3683001366866123,0.0,0.010763373057873034
Lag_Mid_Price_1,36.86286941995194,0.007072909261902849,0.006693380236276147
Lag_Mid_Price_2,37.43470795021891,0.005053171362463749,0.008042125317583372
Lag_Mid_Price_3,38.54231790783799,0.013614910674278002,0.008020861876091016
Lag_Mid_Price_4,38.85483813243533,0.0014155111245148788,0.008467305937739313
Lag_Return_1,0.5948645131375531,0.014887433348865775,0.010784389825453539
Lag_Return_2,4.137822458844166,0.007711598819213128,0.010371325317528855
Lag_Return_3,0.056939317845227544,0.011005512889314728,0.010670691126957517
Lag_Return_4,-1.107860457110762,0.005764052860550484,0.010858926291916015
Return_1,-1.358946318335354,0.004894302291988284,0.00831516280445631
Return_5,2.147911523440128,0.0025446876997550216,0.01134583338964751
Return_10,0.47524031246249265,0.011445800460951894,0.01229982131423759
Rolling_Mean_5,37.77160366348435,0.01440017127152693,0.008164060182118179
Rolling_Std_5,1.870285875017831,0.008292430088165714,0.011741683908283966
Lagged_Volatility,2.453655829395599,0.001902396870642864,0.012089888981315286
Hammer,0.023183681918446532,0.0,0.0008533479688609942
Rolling_Skew,6.477271546416696,0.006213576890508055,0.01803437519136543
Rolling_Kurt,0.24811699023777337,0.012783467518176161,0.017954690593603637
Price_Z_Score,1.0419644954040252,0.005456829380450001,0.011471958478650034
Conversion_Line,37.18511918240089,0.09831552257068443,0.0086368075743406
Base_Line,39.06999923185039,0.1275437909493491,0.011651802492109313
Leading_Span_A,40.28036352703103,0.08481738749591794,0.015641559499052476
Leading_Span_B,37.454695555423335,0.09714737297483045,0.014974378643962777
Williams_%R,0.6491820169426539,0.005235080840805262,0.011285600849542863
High_Low_Ratio,0.10495743366804891,0.00682268884371795,0.009989232483492854
Close_Open_Ratio,1.5115364828485476,0.012283288455572361,0.00906991735948836
Order_Imbalance,0.7033579137495116,0.0051179781079113695,0.008581441906614888
VPT,0.5880296449074544,0.028189333754797374,0.018328951311221805
A/D_Line,8.707597311528358,0.031002616669045135,0.017808869301258738
Support_10,35.26271733842997,0.08346810462940946,0.008786026077892539
Resistance_10,38.42273781387724,0.08572123122373765,0.008714662116899
Support_Close_10,35.65555942437321,0.09569346871439666,0.008889448168022736
Resistance_Close_10,38.25391591104056,0.09448532561383227,0.008704426490120954
Support_20,34.82335873408553,0.0775212687430229,0.009586580226646707
Resistance_20,40.0332458633145,0.08229738338550052,0.00969635766392144
Support_Close_20,34.96489372090682,0.08388841926996271,0.009114654324236386
Resistance_Close_20,39.84539157895014,0.07916874468540791,0.008948470534438565
SMA5_Volume,0.2685615473294305,0.008936504323492578,0.009713441968166514
RSI_Volatility,0.000363871006960113,0.0025892805607756753,0.011513199050149563
