Datetime,Open,High,Low,Close,Adj Close,Volume,Higher
2024-09-30 09:30:00-04:00,231.0,232.34120178222656,230.94000244140625,232.29200744628903,232.29200744628903,5018142,False
2024-09-30 09:35:00-04:00,232.2899932861328,232.30999755859372,231.56500244140625,232.11590576171875,232.11590576171875,1291722,False
2024-09-30 09:40:00-04:00,232.110107421875,232.1999969482422,231.5399932861328,231.5399932861328,231.5399932861328,803458,False
2024-09-30 09:45:00-04:00,231.55499267578125,231.8999938964844,231.2700042724609,231.6226959228516,231.6226959228516,661990,False
2024-09-30 09:50:00-04:00,231.6300048828125,231.6750030517578,231.0399932861328,231.33999633789065,231.33999633789065,616018,False
2024-09-30 09:55:00-04:00,231.3249969482422,231.6000061035156,230.72000122070312,230.9250030517578,230.9250030517578,518412,False
2024-09-30 10:00:00-04:00,230.9250030517578,231.3300018310547,230.9250030517578,231.1199951171875,231.1199951171875,492989,False
2024-09-30 10:05:00-04:00,231.1009063720703,231.19000244140625,230.5399932861328,230.82000732421875,230.82000732421875,449720,False
2024-09-30 10:10:00-04:00,230.83990478515625,230.83990478515625,230.5399932861328,230.6320037841797,230.6320037841797,426023,False
2024-09-30 10:15:00-04:00,230.63999938964844,230.77999877929688,230.30999755859372,230.5966033935547,230.5966033935547,454535,False
2024-09-30 10:20:00-04:00,230.58999633789065,230.73989868164065,230.41000366210935,230.5399932861328,230.5399932861328,350428,False
2024-09-30 10:25:00-04:00,230.5399932861328,231.0,230.3800048828125,230.97999572753903,230.97999572753903,704080,False
2024-09-30 10:30:00-04:00,230.97000122070312,231.2250061035156,230.75,231.2250061035156,231.2250061035156,535767,True
2024-09-30 10:35:00-04:00,231.1999969482422,231.5,231.0399932861328,231.11050415039065,231.11050415039065,433784,False
2024-09-30 10:40:00-04:00,231.1199951171875,231.3500061035156,231.01010131835935,231.0901031494141,231.0901031494141,247605,False
2024-09-30 10:45:00-04:00,231.1199951171875,231.59559631347656,231.10009765625,231.4600067138672,231.4600067138672,381482,False
2024-09-30 10:50:00-04:00,231.4600067138672,231.67999267578125,231.4208984375,231.55999755859372,231.55999755859372,348856,False
2024-09-30 10:55:00-04:00,231.5500030517578,231.75999450683597,231.52999877929688,231.6100006103516,231.6100006103516,298173,False
2024-09-30 11:00:00-04:00,231.5449981689453,231.72999572753903,231.51150512695312,231.7075958251953,231.7075958251953,334346,False
2024-09-30 11:05:00-04:00,231.7050018310547,231.91000366210935,231.3800048828125,231.4499969482422,231.4499969482422,510703,False
2024-09-30 11:10:00-04:00,231.46499633789065,231.82000732421875,231.44000244140625,231.7899932861328,231.7899932861328,287648,False
2024-09-30 11:15:00-04:00,231.7949981689453,231.87559509277344,231.55999755859372,231.5800018310547,231.5800018310547,313358,False
2024-09-30 11:20:00-04:00,231.57000732421875,231.72999572753903,231.5200042724609,231.7100067138672,231.7100067138672,215383,False
2024-09-30 11:25:00-04:00,231.71499633789065,232.0498962402344,231.7100067138672,231.8999938964844,231.8999938964844,682189,False
2024-09-30 11:30:00-04:00,232.0200042724609,232.15499877929688,231.8412933349609,231.91000366210935,231.91000366210935,443515,False
2024-09-30 11:35:00-04:00,231.9398956298828,232.17990112304688,231.83999633789065,231.9801025390625,231.9801025390625,339903,False
2024-09-30 11:40:00-04:00,231.9900054931641,232.07000732421875,231.8300018310547,232.0500030517578,232.0500030517578,321668,False
2024-09-30 11:45:00-04:00,232.0500030517578,232.22000122070312,231.94000244140625,232.19000244140625,232.19000244140625,277168,False
2024-09-30 11:50:00-04:00,232.17999267578125,232.42999267578125,232.0800018310547,232.2700042724609,232.2700042724609,436489,False
2024-09-30 11:55:00-04:00,232.28500366210935,232.3600006103516,232.1300048828125,232.25,232.25,260861,False
2024-09-30 12:00:00-04:00,232.25,232.41000366210935,232.13999938964844,232.3249969482422,232.3249969482422,282663,False
2024-09-30 12:05:00-04:00,232.3300018310547,232.50999450683597,232.3137969970703,232.42999267578125,232.42999267578125,403635,False
2024-09-30 12:10:00-04:00,232.4550018310547,232.5200042724609,232.17999267578125,232.3300018310547,232.3300018310547,393456,False
2024-09-30 12:15:00-04:00,232.3500061035156,232.4199066162109,232.25999450683597,232.30999755859372,232.30999755859372,201321,False
2024-09-30 12:20:00-04:00,232.30499267578125,232.53829956054688,232.1100006103516,232.13499450683597,232.13499450683597,414430,False
2024-09-30 12:25:00-04:00,232.139892578125,232.2698974609375,232.0800018310547,232.1199951171875,232.1199951171875,172828,False
2024-09-30 12:30:00-04:00,232.1199951171875,232.13999938964844,231.82000732421875,231.8999938964844,231.8999938964844,286359,False
2024-09-30 12:35:00-04:00,231.88999938964844,232.19309997558597,231.88999938964844,232.0998992919922,232.0998992919922,215705,False
2024-09-30 12:40:00-04:00,232.0850067138672,232.1699981689453,231.99200439453125,232.1100006103516,232.1100006103516,177071,False
2024-09-30 12:45:00-04:00,232.1000061035156,232.16000366210935,231.9499969482422,232.13999938964844,232.13999938964844,148328,False
2024-09-30 12:50:00-04:00,232.12879943847656,232.1999969482422,231.9600067138672,232.0,232.0,159011,False
2024-09-30 12:55:00-04:00,231.9949951171875,232.00999450683597,231.7400054931641,231.7877960205078,231.7877960205078,233660,False
2024-09-30 13:00:00-04:00,231.77999877929688,232.03990173339844,231.77999877929688,231.781005859375,231.781005859375,174230,False
2024-09-30 13:05:00-04:00,231.77999877929688,231.8699951171875,231.6499938964844,231.656494140625,231.656494140625,184995,False
2024-09-30 13:10:00-04:00,231.6499938964844,231.80810546875,231.38999938964844,231.4550018310547,231.4550018310547,375361,False
2024-09-30 13:15:00-04:00,231.4550018310547,231.7100067138672,231.30999755859372,231.66259765625,231.66259765625,201650,False
2024-09-30 13:20:00-04:00,231.6649932861328,231.9600067138672,231.625,231.8500061035156,231.8500061035156,197783,False
2024-09-30 13:25:00-04:00,231.85989379882807,231.92909240722656,231.63999938964844,231.6450042724609,231.6450042724609,146613,False
2024-09-30 13:30:00-04:00,231.6499938964844,231.80999755859372,231.55999755859372,231.5850067138672,231.5850067138672,196262,False
2024-09-30 13:35:00-04:00,231.58990478515625,231.6499938964844,231.44500732421875,231.44500732421875,231.44500732421875,197325,False
2024-09-30 13:40:00-04:00,231.4600067138672,231.52999877929688,231.3202972412109,231.5,231.5,208986,False
2024-09-30 13:45:00-04:00,231.5,231.6499938964844,231.42999267578125,231.61419677734372,231.61419677734372,174499,False
2024-09-30 13:50:00-04:00,231.6199951171875,231.75999450683597,231.5500946044922,231.75,231.75,198639,False
2024-09-30 13:55:00-04:00,231.7550048828125,232.0,231.58999633789065,231.83999633789065,231.83999633789065,293888,False
2024-09-30 14:00:00-04:00,231.8249969482422,231.889892578125,231.63999938964844,231.6999969482422,231.6999969482422,171568,False
2024-09-30 14:05:00-04:00,231.6999969482422,231.7599029541016,231.5413055419922,231.72000122070312,231.72000122070312,190563,False
2024-09-30 14:10:00-04:00,231.6999969482422,231.72000122070312,231.44320678710935,231.50999450683597,231.50999450683597,260204,False
2024-09-30 14:15:00-04:00,231.5,231.55560302734372,231.0800018310547,231.0901031494141,231.0901031494141,318124,False
2024-09-30 14:20:00-04:00,231.08909606933597,231.1999969482422,230.5500030517578,230.8300018310547,230.8300018310547,536879,False
2024-09-30 14:25:00-04:00,230.83999633789065,231.1100006103516,230.63999938964844,231.00999450683597,231.00999450683597,358417,False
2024-09-30 14:30:00-04:00,231.0,231.4799041748047,230.77639770507807,231.3249969482422,231.3249969482422,324256,False
2024-09-30 14:35:00-04:00,231.3249969482422,231.7100067138672,231.25999450683597,231.6490020751953,231.6490020751953,315277,False
2024-09-30 14:40:00-04:00,231.66000366210935,231.80999755859372,231.5,231.8000946044922,231.8000946044922,280948,False
2024-09-30 14:45:00-04:00,231.82000732421875,231.91000366210935,231.6750030517578,231.7100067138672,231.7100067138672,273792,False
2024-09-30 14:50:00-04:00,231.7100067138672,231.8800048828125,231.57000732421875,231.8300018310547,231.8300018310547,230073,False
2024-09-30 14:55:00-04:00,231.81500244140625,231.8800048828125,231.7100067138672,231.7516021728516,231.7516021728516,162586,False
2024-09-30 15:00:00-04:00,231.7250061035156,231.7599029541016,231.4501037597656,231.6199951171875,231.6199951171875,274082,False
2024-09-30 15:05:00-04:00,231.625,231.8300018310547,231.4900054931641,231.6199951171875,231.6199951171875,370157,False
2024-09-30 15:10:00-04:00,231.6150054931641,231.6199951171875,231.32000732421875,231.4149932861328,231.4149932861328,273073,False
2024-09-30 15:15:00-04:00,231.4149932861328,231.4799041748047,231.3300018310547,231.34500122070312,231.34500122070312,266324,False
2024-09-30 15:20:00-04:00,231.3414001464844,231.41000366210935,231.17999267578125,231.2350006103516,231.2350006103516,325586,False
2024-09-30 15:25:00-04:00,231.22999572753903,231.30499267578125,231.0399932861328,231.22000122070312,231.22000122070312,289676,False
2024-09-30 15:30:00-04:00,231.2050018310547,231.34689331054688,231.16000366210935,231.23440551757807,231.23440551757807,315761,False
2024-09-30 15:35:00-04:00,231.2400054931641,231.33999633789065,231.1100006103516,231.28970336914065,231.28970336914065,360120,False
2024-09-30 15:40:00-04:00,231.28500366210935,231.42999267578125,231.17999267578125,231.38999938964844,231.38999938964844,456992,False
2024-09-30 15:45:00-04:00,231.38999938964844,231.67999267578125,231.32009887695312,231.4340057373047,231.4340057373047,601163,False
2024-09-30 15:50:00-04:00,231.42999267578125,232.47000122070312,231.42999267578125,232.19000244140625,232.19000244140625,2321975,False
2024-09-30 15:55:00-04:00,232.1999969482422,233.0,232.19000244140625,233.0,233.0,5021987,False
2024-10-01 09:30:00-04:00,228.5,228.7700042724609,227.25,227.6450042724609,227.6450042724609,6018177,False
2024-10-01 09:35:00-04:00,227.6100006103516,227.6699981689453,226.30999755859372,226.75999450683597,226.75999450683597,2130824,False
2024-10-01 09:40:00-04:00,226.7400054931641,226.92919921875,226.3999938964844,226.58999633789065,226.58999633789065,1194704,False
2024-10-01 09:45:00-04:00,226.80999755859372,226.90899658203125,226.1000061035156,226.1150054931641,226.1150054931641,1379218,False
2024-10-01 09:50:00-04:00,226.08999633789065,226.30999755859372,225.7700042724609,226.0099029541016,226.0099029541016,1287942,False
2024-10-01 09:55:00-04:00,226.0099029541016,226.1544952392578,225.6199951171875,226.125,226.125,1195642,False
2024-10-01 10:00:00-04:00,226.11480712890625,226.2899932861328,225.47999572753903,226.0050048828125,226.0050048828125,1191386,False
2024-10-01 10:05:00-04:00,225.9900054931641,226.2400054931641,225.4499969482422,225.4600067138672,225.4600067138672,952348,False
2024-10-01 10:10:00-04:00,225.1999969482422,225.65499877929688,225.1699981689453,225.3699951171875,225.3699951171875,998782,False
2024-10-01 10:15:00-04:00,225.3699951171875,225.3699951171875,224.75,225.05870056152344,225.05870056152344,963127,False
2024-10-01 10:20:00-04:00,225.0500030517578,225.3300018310547,224.97999572753903,225.1100006103516,225.1100006103516,794523,False
2024-10-01 10:25:00-04:00,225.25,225.2700042724609,224.66000366210935,224.9600067138672,224.9600067138672,679186,False
2024-10-01 10:30:00-04:00,224.6999969482422,225.01559448242188,224.5399932861328,224.76390075683597,224.76390075683597,576380,False
2024-10-01 10:35:00-04:00,224.72000122070312,225.0,224.63999938964844,224.92999267578125,224.92999267578125,592231,False
2024-10-01 10:40:00-04:00,224.92999267578125,225.47000122070312,224.8999938964844,225.2100067138672,225.2100067138672,776313,False
2024-10-01 10:45:00-04:00,225.2350006103516,225.32000732421875,224.9900054931641,225.01499938964844,225.01499938964844,504015,False
2024-10-01 10:50:00-04:00,224.94000244140625,225.1100006103516,224.8600006103516,225.03399658203125,225.03399658203125,437132,False
2024-10-01 10:55:00-04:00,225.0500030517578,225.3800048828125,225.02999877929688,225.32000732421875,225.32000732421875,445082,False
2024-10-01 11:00:00-04:00,225.1407928466797,225.1407928466797,224.860107421875,224.889892578125,224.889892578125,437570,True
2024-10-01 11:05:00-04:00,224.8249969482422,224.92999267578125,224.58999633789065,224.63999938964844,224.63999938964844,602841,False
2024-10-01 11:10:00-04:00,224.6300048828125,224.88999938964844,224.5200042724609,224.7899932861328,224.7899932861328,451839,False
2024-10-01 11:15:00-04:00,224.78500366210935,224.9600067138672,224.68359375,224.7100982666016,224.7100982666016,402294,False
2024-10-01 11:20:00-04:00,224.72999572753903,224.97799682617188,224.681396484375,224.94000244140625,224.94000244140625,1452914,False
2024-10-01 11:25:00-04:00,224.9499969482422,225.5,224.8699951171875,225.4750061035156,225.4750061035156,559939,False
2024-10-01 11:30:00-04:00,225.47000122070312,225.5,225.0500030517578,225.46319580078125,225.46319580078125,385088,False
2024-10-01 11:35:00-04:00,225.4550018310547,225.6199951171875,225.22999572753903,225.5885009765625,225.5885009765625,477944,False
2024-10-01 11:40:00-04:00,225.5850067138672,225.94000244140625,225.50999450683597,225.69009399414065,225.69009399414065,548737,False
2024-10-01 11:45:00-04:00,225.69000244140625,225.69000244140625,225.27999877929688,225.4750061035156,225.4750061035156,375097,False
2024-10-01 11:50:00-04:00,225.47999572753903,225.7700042724609,225.47999572753903,225.58990478515625,225.58990478515625,283203,False
2024-10-01 11:55:00-04:00,225.60499572753903,225.6699981689453,225.2100067138672,225.22000122070312,225.22000122070312,349591,False
2024-10-01 12:00:00-04:00,225.2100067138672,225.53990173339844,225.0749969482422,225.4398956298828,225.4398956298828,321028,False
2024-10-01 12:05:00-04:00,225.44000244140625,225.6725006103516,225.4300994873047,225.63909912109372,225.63909912109372,333009,False
2024-10-01 12:10:00-04:00,225.6199951171875,225.82000732421875,225.19000244140625,225.2899932861328,225.2899932861328,319234,False
2024-10-01 12:15:00-04:00,225.30999755859372,225.5117034912109,225.25689697265625,225.4600067138672,225.4600067138672,253559,False
2024-10-01 12:20:00-04:00,225.4586944580078,225.65139770507807,225.41000366210935,225.4243927001953,225.4243927001953,326919,False
2024-10-01 12:25:00-04:00,225.44000244140625,225.52999877929688,225.2050018310547,225.31300354003903,225.31300354003903,1262853,False
2024-10-01 12:30:00-04:00,225.3000030517578,225.3950042724609,224.7700042724609,225.0749969482422,225.0749969482422,501489,False
2024-10-01 12:35:00-04:00,225.05499267578125,225.2100067138672,224.6499938964844,224.72999572753903,224.72999572753903,388867,False
2024-10-01 12:40:00-04:00,224.72999572753903,224.92999267578125,224.42999267578125,224.5189971923828,224.5189971923828,379974,False
2024-10-01 12:45:00-04:00,224.5395050048828,224.6000061035156,224.26780700683597,224.44000244140625,224.44000244140625,385973,False
2024-10-01 12:50:00-04:00,224.4414978027344,224.9600067138672,224.42999267578125,224.7801055908203,224.7801055908203,394275,False
2024-10-01 12:55:00-04:00,224.8000030517578,225.0,224.5301055908203,224.75,224.75,326437,False
2024-10-01 13:00:00-04:00,224.75999450683597,224.7700042724609,224.6100006103516,224.6313018798828,224.6313018798828,289007,True
2024-10-01 13:05:00-04:00,224.63999938964844,224.66000366210935,224.2100067138672,224.3000030517578,224.3000030517578,313211,False
2024-10-01 13:10:00-04:00,224.30389404296875,224.6000061035156,224.2100067138672,224.22999572753903,224.22999572753903,299544,False
2024-10-01 13:15:00-04:00,224.2350006103516,224.2400054931641,223.9378967285156,224.00999450683597,224.00999450683597,558935,False
2024-10-01 13:20:00-04:00,224.01499938964844,224.1999969482422,223.9600067138672,224.0249938964844,224.0249938964844,352616,False
2024-10-01 13:25:00-04:00,224.02999877929688,224.02999877929688,223.7400054931641,223.92999267578125,223.92999267578125,438729,False
2024-10-01 13:30:00-04:00,223.92999267578125,224.6150054931641,223.83999633789065,224.5200042724609,224.5200042724609,558291,False
2024-10-01 13:35:00-04:00,224.4900054931641,224.5,224.22000122070312,224.32000732421875,224.32000732421875,285786,False
2024-10-01 13:40:00-04:00,224.3000030517578,224.63999938964844,224.25999450683597,224.54010009765625,224.54010009765625,320949,False
2024-10-01 13:45:00-04:00,224.5500030517578,224.66000366210935,224.3600006103516,224.41000366210935,224.41000366210935,294227,False
2024-10-01 13:50:00-04:00,224.38999938964844,224.6499938964844,224.3800048828125,224.6199951171875,224.6199951171875,255469,False
2024-10-01 13:55:00-04:00,224.6199951171875,225.16000366210935,224.6199951171875,225.1300048828125,225.1300048828125,521589,False
2024-10-01 14:00:00-04:00,225.1199951171875,225.42999267578125,225.06260681152344,225.1999969482422,225.1999969482422,426927,True
2024-10-01 14:05:00-04:00,225.19000244140625,225.3600006103516,225.1100006103516,225.2899932861328,225.2899932861328,313073,False
2024-10-01 14:10:00-04:00,225.2801055908203,225.57989501953125,225.1999969482422,225.4499969482422,225.4499969482422,301431,False
2024-10-01 14:15:00-04:00,225.4199981689453,225.63999938964844,225.3699951171875,225.47999572753903,225.47999572753903,340489,False
2024-10-01 14:20:00-04:00,225.48989868164065,225.5717010498047,225.17999267578125,225.3000030517578,225.3000030517578,283455,False
2024-10-01 14:25:00-04:00,225.3000030517578,225.48199462890625,225.2400054931641,225.4600067138672,225.4600067138672,214261,False
2024-10-01 14:30:00-04:00,225.44000244140625,225.7350006103516,225.41000366210935,225.5,225.5,324933,False
2024-10-01 14:35:00-04:00,225.5198974609375,225.5800018310547,225.2460021972656,225.5399932861328,225.5399932861328,284945,False
2024-10-01 14:40:00-04:00,225.5475006103516,225.6000061035156,225.29379272460935,225.46499633789065,225.46499633789065,347251,False
2024-10-01 14:45:00-04:00,225.4600982666016,225.56500244140625,225.3699951171875,225.44000244140625,225.44000244140625,228791,False
2024-10-01 14:50:00-04:00,225.44000244140625,225.6000061035156,225.3300018310547,225.44000244140625,225.44000244140625,313172,False
2024-10-01 14:55:00-04:00,225.44760131835935,225.6300048828125,225.41000366210935,225.60400390625,225.60400390625,320141,False
2024-10-01 15:00:00-04:00,225.6000061035156,225.66000366210935,225.51499938964844,225.6300048828125,225.6300048828125,231177,False
2024-10-01 15:05:00-04:00,225.6300048828125,225.9199981689453,225.57000732421875,225.8249053955078,225.8249053955078,360516,False
2024-10-01 15:10:00-04:00,225.82000732421875,225.8800048828125,225.7400054931641,225.8401031494141,225.8401031494141,292500,False
2024-10-01 15:15:00-04:00,225.84500122070312,226.0,225.75,225.97000122070312,225.97000122070312,440600,False
2024-10-01 15:20:00-04:00,225.97999572753903,226.1699981689453,225.91000366210935,226.05999755859372,226.05999755859372,546906,False
2024-10-01 15:25:00-04:00,226.07000732421875,226.1884002685547,226.02999877929688,226.1501007080078,226.1501007080078,511443,False
2024-10-01 15:30:00-04:00,226.1499938964844,226.22999572753903,226.0500030517578,226.1300048828125,226.1300048828125,460148,False
2024-10-01 15:35:00-04:00,226.13999938964844,226.2245941162109,225.92999267578125,226.02999877929688,226.02999877929688,623151,False
2024-10-01 15:40:00-04:00,226.02999877929688,226.33999633789065,226.02999877929688,226.1750030517578,226.1750030517578,624346,False
2024-10-01 15:45:00-04:00,226.17999267578125,226.25,225.87570190429688,225.94610595703125,225.94610595703125,498146,False
2024-10-01 15:50:00-04:00,225.9600067138672,226.30999755859372,225.88999938964844,225.9199981689453,225.9199981689453,837441,False
2024-10-01 15:55:00-04:00,225.92999267578125,226.2899932861328,225.8800048828125,226.25999450683597,226.25999450683597,2000874,False
2024-10-02 09:30:00-04:00,225.88999938964844,226.1100006103516,224.5,224.56500244140625,224.56500244140625,2063932,True
2024-10-02 09:35:00-04:00,224.5500030517578,224.6999969482422,223.8500061035156,224.2350006103516,224.2350006103516,1226793,False
2024-10-02 09:40:00-04:00,224.22000122070312,224.27999877929688,223.6300048828125,223.6501007080078,223.6501007080078,727602,False
2024-10-02 09:45:00-04:00,223.6499938964844,224.6199951171875,223.5500030517578,224.4499969482422,224.4499969482422,873827,False
2024-10-02 09:50:00-04:00,224.45199584960935,224.5200042724609,223.41000366210935,223.4499969482422,223.4499969482422,629397,False
2024-10-02 09:55:00-04:00,223.4550018310547,223.59800720214844,223.2100067138672,223.3600006103516,223.3600006103516,898081,False
2024-10-02 10:00:00-04:00,223.375,224.33999633789065,223.02999877929688,224.3000030517578,224.3000030517578,782030,False
2024-10-02 10:05:00-04:00,224.3350067138672,224.3999938964844,223.9900054931641,224.29640197753903,224.29640197753903,459621,False
2024-10-02 10:10:00-04:00,224.2801055908203,224.69000244140625,224.2801055908203,224.57000732421875,224.57000732421875,545526,False
2024-10-02 10:15:00-04:00,224.55999755859372,224.98399353027344,224.5,224.9080047607422,224.9080047607422,418350,False
2024-10-02 10:20:00-04:00,224.91000366210935,225.0,224.5500030517578,224.74009704589844,224.74009704589844,364502,False
2024-10-02 10:25:00-04:00,224.75999450683597,225.4199981689453,224.7400054931641,225.4199981689453,225.4199981689453,395515,False
2024-10-02 10:30:00-04:00,225.3999938964844,225.7400054931641,225.2700042724609,225.55999755859372,225.55999755859372,417516,True
2024-10-02 10:35:00-04:00,225.55499267578125,225.97000122070312,225.50050354003903,225.94500732421875,225.94500732421875,372191,False
2024-10-02 10:40:00-04:00,225.9405059814453,226.1699981689453,225.8773956298828,225.91400146484372,225.91400146484372,493638,False
2024-10-02 10:45:00-04:00,225.889892578125,226.38999938964844,225.8300018310547,226.3300018310547,226.3300018310547,467459,False
2024-10-02 10:50:00-04:00,226.3300018310547,226.3726043701172,225.6699981689453,225.77999877929688,225.77999877929688,506590,False
2024-10-02 10:55:00-04:00,225.77999877929688,226.0800018310547,225.72000122070312,226.0800018310547,226.0800018310547,431116,False
2024-10-02 11:00:00-04:00,226.0850067138672,226.32000732421875,225.91000366210935,226.2400054931641,226.2400054931641,401162,False
2024-10-02 11:05:00-04:00,226.2550048828125,226.33999633789065,225.94000244140625,226.2700042724609,226.2700042724609,293045,False
2024-10-02 11:10:00-04:00,226.28399658203125,226.3500061035156,226.0800018310547,226.1300048828125,226.1300048828125,217070,False
2024-10-02 11:15:00-04:00,226.33999633789065,226.6000061035156,226.2899932861328,226.57000732421875,226.57000732421875,451963,False
2024-10-02 11:20:00-04:00,226.56919860839844,226.5800018310547,226.1499938964844,226.2350006103516,226.2350006103516,302808,False
2024-10-02 11:25:00-04:00,226.2201995849609,226.25999450683597,226.0,226.2050018310547,226.2050018310547,232087,False
2024-10-02 11:30:00-04:00,226.22000122070312,226.67999267578125,226.1649932861328,226.6499938964844,226.6499938964844,509592,True
2024-10-02 11:35:00-04:00,226.64990234375,226.8500061035156,226.5800018310547,226.6499938964844,226.6499938964844,426834,False
2024-10-02 11:40:00-04:00,226.67999267578125,227.0500030517578,226.6000061035156,227.0399932861328,227.0399932861328,602645,False
2024-10-02 11:45:00-04:00,227.0399932861328,227.0399932861328,226.6499938964844,226.80999755859372,226.80999755859372,246446,False
2024-10-02 11:50:00-04:00,226.80499267578125,226.9499053955078,226.7700958251953,226.7899932861328,226.7899932861328,191296,False
2024-10-02 11:55:00-04:00,226.7911071777344,226.8500061035156,226.55499267578125,226.83999633789065,226.83999633789065,299051,False
2024-10-02 12:00:00-04:00,226.8500061035156,226.94000244140625,226.75999450683597,226.8300018310547,226.8300018310547,179396,False
2024-10-02 12:05:00-04:00,226.8300018310547,226.8999938964844,226.6499938964844,226.73019409179688,226.73019409179688,197292,False
2024-10-02 12:10:00-04:00,226.75,226.9199981689453,226.74009704589844,226.82000732421875,226.82000732421875,178340,False
2024-10-02 12:15:00-04:00,226.8300018310547,226.9499969482422,226.77999877929688,226.8000030517578,226.8000030517578,179437,False
2024-10-02 12:20:00-04:00,226.8000030517578,226.94000244140625,226.66000366210935,226.8916015625,226.8916015625,740801,False
2024-10-02 12:25:00-04:00,226.8999938964844,227.0,226.83999633789065,226.95199584960935,226.95199584960935,203582,False
2024-10-02 12:30:00-04:00,226.9499969482422,226.9499969482422,226.7100067138672,226.75,226.75,199029,False
2024-10-02 12:35:00-04:00,226.75,226.8800048828125,226.6699981689453,226.8699951171875,226.8699951171875,171463,False
2024-10-02 12:40:00-04:00,226.87989807128903,226.8939971923828,226.75999450683597,226.80999755859372,226.80999755859372,183400,False
2024-10-02 12:45:00-04:00,226.81500244140625,226.9499969482422,226.7250061035156,226.8600006103516,226.8600006103516,150285,False
2024-10-02 12:50:00-04:00,226.8650054931641,226.97999572753903,226.8101043701172,226.9199981689453,226.9199981689453,125880,False
2024-10-02 12:55:00-04:00,226.92999267578125,227.02999877929688,226.6199951171875,226.63499450683597,226.63499450683597,293542,False
2024-10-02 13:00:00-04:00,226.6300048828125,226.9600067138672,226.58999633789065,226.9550018310547,226.9550018310547,171906,False
2024-10-02 13:05:00-04:00,226.9499969482422,227.03939819335935,226.7899932861328,226.9250030517578,226.9250030517578,208513,False
2024-10-02 13:10:00-04:00,226.92999267578125,227.0200042724609,226.7100067138672,226.94000244140625,226.94000244140625,220605,False
2024-10-02 13:15:00-04:00,226.88999938964844,226.9199981689453,226.74400329589844,226.8600006103516,226.8600006103516,133314,False
2024-10-02 13:20:00-04:00,226.8600006103516,226.88499450683597,226.7404022216797,226.764404296875,226.764404296875,134792,False
2024-10-02 13:25:00-04:00,226.7700042724609,226.97999572753903,226.66000366210935,226.95989990234372,226.95989990234372,180299,False
2024-10-02 13:30:00-04:00,226.94000244140625,227.0200042724609,226.36990356445312,226.42999267578125,226.42999267578125,321773,True
2024-10-02 13:35:00-04:00,226.4199066162109,226.8498992919922,226.3500061035156,226.8000030517578,226.8000030517578,241672,False
2024-10-02 13:40:00-04:00,226.8000030517578,226.8500061035156,226.5800018310547,226.69000244140625,226.69000244140625,169804,False
2024-10-02 13:45:00-04:00,226.67999267578125,227.07000732421875,226.6699981689453,227.0399932861328,227.0399932861328,219066,False
2024-10-02 13:50:00-04:00,227.0301971435547,227.13999938964844,227.0,227.08380126953125,227.08380126953125,168251,False
2024-10-02 13:55:00-04:00,227.08999633789065,227.1300048828125,227.0200042724609,227.11599731445312,227.11599731445312,166617,False
2024-10-02 14:00:00-04:00,227.1100006103516,227.17999267578125,227.02999877929688,227.0800018310547,227.0800018310547,181419,False
2024-10-02 14:05:00-04:00,227.08999633789065,227.1300048828125,227.0166015625,227.08999633789065,227.08999633789065,180920,False
2024-10-02 14:10:00-04:00,227.0800018310547,227.1499938964844,227.0500030517578,227.07400512695312,227.07400512695312,180079,False
2024-10-02 14:15:00-04:00,227.0749969482422,227.125,227.0500030517578,227.08999633789065,227.08999633789065,157912,False
2024-10-02 14:20:00-04:00,227.10499572753903,227.139892578125,226.9199981689453,226.94000244140625,226.94000244140625,185699,False
2024-10-02 14:25:00-04:00,226.95249938964844,227.0500030517578,226.4600067138672,226.82000732421875,226.82000732421875,245123,False
2024-10-02 14:30:00-04:00,226.8000030517578,226.9199981689453,226.6499938964844,226.8800048828125,226.8800048828125,151585,True
2024-10-02 14:35:00-04:00,226.8699951171875,226.9199981689453,226.7400054931641,226.78500366210935,226.78500366210935,125856,False
2024-10-02 14:40:00-04:00,226.7899932861328,226.9199981689453,226.77999877929688,226.8300018310547,226.8300018310547,142156,False
2024-10-02 14:45:00-04:00,226.8300018310547,226.94000244140625,226.7700042724609,226.8999938964844,226.8999938964844,189567,False
2024-10-02 14:50:00-04:00,226.9199981689453,226.97000122070312,226.8300018310547,226.9228973388672,226.9228973388672,134851,False
2024-10-02 14:55:00-04:00,226.92999267578125,226.9600067138672,226.84030151367188,226.8999938964844,226.8999938964844,151604,False
2024-10-02 15:00:00-04:00,226.8999938964844,227.0500946044922,226.8600006103516,227.0399932861328,227.0399932861328,188126,False
2024-10-02 15:05:00-04:00,227.02999877929688,227.08999633789065,226.97000122070312,227.04800415039065,227.04800415039065,172823,False
2024-10-02 15:10:00-04:00,227.05999755859372,227.1300048828125,227.00070190429688,227.10499572753903,227.10499572753903,200172,False
2024-10-02 15:15:00-04:00,227.10499572753903,227.22000122070312,227.03500366210935,227.1699981689453,227.1699981689453,225494,False
2024-10-02 15:20:00-04:00,227.1699981689453,227.2698974609375,227.16000366210935,227.22999572753903,227.22999572753903,192602,False
2024-10-02 15:25:00-04:00,227.22000122070312,227.3300018310547,227.2001037597656,227.2400054931641,227.2400054931641,230520,False
2024-10-02 15:30:00-04:00,227.2250061035156,227.25999450683597,227.07000732421875,227.1150054931641,227.1150054931641,262150,False
2024-10-02 15:35:00-04:00,227.1199951171875,227.2700042724609,227.1199951171875,227.2400054931641,227.2400054931641,229817,False
2024-10-02 15:40:00-04:00,227.2418975830078,227.3300018310547,227.12109375,227.2519989013672,227.2519989013672,271180,False
2024-10-02 15:45:00-04:00,227.25,227.3699951171875,227.18499755859372,227.2400054931641,227.2400054931641,365475,False
2024-10-02 15:50:00-04:00,227.22000122070312,227.3000030517578,226.8907928466797,227.02999877929688,227.02999877929688,518513,False
2024-10-02 15:55:00-04:00,227.0200042724609,227.0749969482422,226.69009399414065,226.80999755859372,226.80999755859372,1146848,False
2024-10-03 09:30:00-04:00,225.2400054931641,225.8300018310547,224.88999938964844,225.7050018310547,225.7050018310547,1447185,False
2024-10-03 09:35:00-04:00,225.72999572753903,226.41000366210935,225.72000122070312,226.20599365234372,226.20599365234372,499887,False
2024-10-03 09:40:00-04:00,226.1499938964844,226.4900054931641,225.9550018310547,225.97999572753903,225.97999572753903,435341,False
2024-10-03 09:45:00-04:00,225.97999572753903,226.2700042724609,225.57009887695312,226.1100006103516,226.1100006103516,560358,False
2024-10-03 09:50:00-04:00,226.0800018310547,226.3999938964844,226.00999450683597,226.2530059814453,226.2530059814453,295248,False
2024-10-03 09:55:00-04:00,226.2700042724609,226.6999969482422,226.22000122070312,226.30499267578125,226.30499267578125,417843,False
2024-10-03 10:00:00-04:00,226.30999755859372,226.8000030517578,226.25,226.5249938964844,226.5249938964844,492499,False
2024-10-03 10:05:00-04:00,226.5301055908203,226.66700744628903,226.1800994873047,226.38999938964844,226.38999938964844,347591,False
2024-10-03 10:10:00-04:00,226.3999938964844,226.45970153808597,225.2100982666016,225.67999267578125,225.67999267578125,474496,False
2024-10-03 10:15:00-04:00,225.7050018310547,225.88499450683597,225.3101043701172,225.5,225.5,374738,False
2024-10-03 10:20:00-04:00,225.4900054931641,225.4900054931641,224.72000122070312,225.05999755859372,225.05999755859372,609660,False
2024-10-03 10:25:00-04:00,225.0399932861328,225.10499572753903,224.82000732421875,224.8350067138672,224.8350067138672,265835,False
2024-10-03 10:30:00-04:00,224.80999755859372,225.50999450683597,224.6199951171875,225.47000122070312,225.47000122070312,513550,False
2024-10-03 10:35:00-04:00,225.4600067138672,225.52999877929688,225.1699981689453,225.2700042724609,225.2700042724609,260260,False
2024-10-03 10:40:00-04:00,225.2700042724609,225.4600067138672,224.52999877929688,224.6499938964844,224.6499938964844,426844,False
2024-10-03 10:45:00-04:00,224.6479949951172,225.0500030517578,224.3999938964844,224.7227935791016,224.7227935791016,526310,False
2024-10-03 10:50:00-04:00,224.75,225.2700042724609,224.6750030517578,225.1157989501953,225.1157989501953,384487,False
2024-10-03 10:55:00-04:00,225.10499572753903,225.10499572753903,224.26499938964844,224.32000732421875,224.32000732421875,358386,False
2024-10-03 11:00:00-04:00,224.3663024902344,224.6499938964844,224.32000732421875,224.3600006103516,224.3600006103516,358837,True
2024-10-03 11:05:00-04:00,224.3500061035156,224.6499938964844,224.30160522460935,224.63999938964844,224.63999938964844,287949,False
2024-10-03 11:10:00-04:00,224.6300048828125,224.6313934326172,224.42759704589844,224.47999572753903,224.47999572753903,177346,False
2024-10-03 11:15:00-04:00,224.6699981689453,224.7698974609375,224.5207061767578,224.5399932861328,224.5399932861328,330101,False
2024-10-03 11:20:00-04:00,224.64990234375,225.0050048828125,224.6000061035156,224.9149932861328,224.9149932861328,279225,False
2024-10-03 11:25:00-04:00,224.9199981689453,224.97000122070312,224.57000732421875,224.87420654296875,224.87420654296875,246781,False
2024-10-03 11:30:00-04:00,224.88839721679688,225.04010009765625,224.8300018310547,225.0200042724609,225.0200042724609,299236,False
2024-10-03 11:35:00-04:00,225.0200042724609,225.0500030517578,224.94000244140625,225.0,225.0,240102,False
2024-10-03 11:40:00-04:00,225.0099029541016,225.2261962890625,224.9550018310547,225.1300048828125,225.1300048828125,258567,False
2024-10-03 11:45:00-04:00,225.17999267578125,225.24929809570312,225.04010009765625,225.05999755859372,225.05999755859372,243045,False
2024-10-03 11:50:00-04:00,225.05499267578125,225.25,225.0399932861328,225.1199951171875,225.1199951171875,197718,False
2024-10-03 11:55:00-04:00,225.1199951171875,225.1999969482422,225.00999450683597,225.13499450683597,225.13499450683597,159201,False
2024-10-03 12:00:00-04:00,225.14720153808597,225.22999572753903,225.02330017089844,225.02330017089844,225.02330017089844,168584,False
2024-10-03 12:05:00-04:00,225.0200042724609,225.34210205078125,225.00999450683597,225.25,225.25,1138974,False
2024-10-03 12:10:00-04:00,225.2449951171875,225.3699951171875,225.1815948486328,225.25999450683597,225.25999450683597,140688,False
2024-10-03 12:15:00-04:00,225.26010131835935,225.2698974609375,224.96310424804688,225.1100006103516,225.1100006103516,151783,False
2024-10-03 12:20:00-04:00,225.0850067138672,225.22000122070312,225.0200042724609,225.13009643554688,225.13009643554688,156806,False
2024-10-03 12:25:00-04:00,225.1300048828125,225.2700042724609,225.0711975097656,225.0711975097656,225.0711975097656,125351,False
2024-10-03 12:30:00-04:00,225.08999633789065,225.09629821777344,224.58999633789065,224.74110412597656,224.74110412597656,267736,False
2024-10-03 12:35:00-04:00,224.75999450683597,224.8600006103516,224.69000244140625,224.75999450683597,224.75999450683597,169587,False
2024-10-03 12:40:00-04:00,224.76499938964844,224.7740020751953,224.2259979248047,224.47999572753903,224.47999572753903,329476,False
2024-10-03 12:45:00-04:00,224.44000244140625,224.4499969482422,223.8800048828125,224.0,224.0,317786,False
2024-10-03 12:50:00-04:00,224.00010681152344,224.00010681152344,223.63999938964844,223.72000122070312,223.72000122070312,393430,False
2024-10-03 12:55:00-04:00,223.72000122070312,224.05999755859372,223.71499633789065,223.82000732421875,223.82000732421875,333850,False
2024-10-03 13:00:00-04:00,223.7899932861328,223.81350708007807,223.3238983154297,223.42999267578125,223.42999267578125,330007,True
2024-10-03 13:05:00-04:00,223.42999267578125,223.8500061035156,223.3699951171875,223.72000122070312,223.72000122070312,256161,False
2024-10-03 13:10:00-04:00,223.72000122070312,223.97999572753903,223.6000061035156,223.75,223.75,262692,False
2024-10-03 13:15:00-04:00,223.7176971435547,223.8199005126953,223.6000061035156,223.7449951171875,223.7449951171875,202865,False
2024-10-03 13:20:00-04:00,223.74139404296875,224.13999938964844,223.67999267578125,223.92999267578125,223.92999267578125,283710,False
2024-10-03 13:25:00-04:00,223.92999267578125,224.27999877929688,223.75,223.8350067138672,223.8350067138672,344900,False
2024-10-03 13:30:00-04:00,223.83999633789065,224.32000732421875,223.7949981689453,224.2400054931641,224.2400054931641,198524,False
2024-10-03 13:35:00-04:00,224.25999450683597,224.2899932861328,224.0500030517578,224.0699005126953,224.0699005126953,129442,False
2024-10-03 13:40:00-04:00,224.0500030517578,224.1999969482422,223.82000732421875,224.1699981689453,224.1699981689453,186322,False
2024-10-03 13:45:00-04:00,224.17999267578125,224.27999877929688,224.0200042724609,224.05499267578125,224.05499267578125,154807,False
2024-10-03 13:50:00-04:00,224.0399932861328,224.2400054931641,224.0,224.17909240722656,224.17909240722656,124106,False
2024-10-03 13:55:00-04:00,224.2198944091797,224.33999633789065,224.1750030517578,224.3000030517578,224.3000030517578,147715,False
2024-10-03 14:00:00-04:00,224.3000030517578,224.40989685058597,224.13999938964844,224.2100067138672,224.2100067138672,177334,False
2024-10-03 14:05:00-04:00,224.2100067138672,224.3800048828125,224.16000366210935,224.1699981689453,224.1699981689453,142922,False
2024-10-03 14:10:00-04:00,224.1699981689453,224.2400054931641,224.0,224.0500030517578,224.0500030517578,142036,False
2024-10-03 14:15:00-04:00,224.07000732421875,224.1499938964844,224.00999450683597,224.1300048828125,224.1300048828125,150729,False
2024-10-03 14:20:00-04:00,224.1195068359375,224.1499938964844,223.7001037597656,223.88400268554688,223.88400268554688,222733,False
2024-10-03 14:25:00-04:00,223.88999938964844,224.05990600585935,223.8401031494141,223.8401031494141,223.8401031494141,134635,False
2024-10-03 14:30:00-04:00,223.8350067138672,223.9600067138672,223.76010131835935,223.91000366210935,223.91000366210935,143234,False
2024-10-03 14:35:00-04:00,223.9199981689453,224.0200042724609,223.8300018310547,224.0198974609375,224.0198974609375,123964,False
2024-10-03 14:40:00-04:00,224.02999877929688,224.0399932861328,223.83999633789065,223.85989379882807,223.85989379882807,169632,False
2024-10-03 14:45:00-04:00,223.8498992919922,223.9600067138672,223.7707061767578,223.7998962402344,223.7998962402344,132950,False
2024-10-03 14:50:00-04:00,223.80499267578125,223.91000366210935,223.6800994873047,223.7350006103516,223.7350006103516,201830,False
2024-10-03 14:55:00-04:00,223.7449951171875,223.88999938964844,223.61019897460935,223.6300048828125,223.6300048828125,200492,False
2024-10-03 15:00:00-04:00,223.6100006103516,223.6985015869141,223.50010681152344,223.6750030517578,223.6750030517578,207256,True
2024-10-03 15:05:00-04:00,223.6699981689453,223.71499633789065,223.57000732421875,223.6781005859375,223.6781005859375,237466,False
2024-10-03 15:10:00-04:00,223.6750030517578,223.69000244140625,223.5500030517578,223.60989379882807,223.60989379882807,226012,False
2024-10-03 15:15:00-04:00,223.60659790039065,223.72830200195312,223.55999755859372,223.69500732421875,223.69500732421875,162520,False
2024-10-03 15:20:00-04:00,223.69200134277344,223.8719940185547,223.67999267578125,223.8699951171875,223.8699951171875,306225,False
2024-10-03 15:25:00-04:00,223.8600006103516,223.88999938964844,223.5399932861328,223.6999969482422,223.6999969482422,269082,False
2024-10-03 15:30:00-04:00,223.7100067138672,223.9600067138672,223.66000366210935,223.9575042724609,223.9575042724609,271046,False
2024-10-03 15:35:00-04:00,223.9600982666016,224.0800018310547,223.87109375,224.05999755859372,224.05999755859372,274260,False
2024-10-03 15:40:00-04:00,224.0518951416016,224.08999633789065,223.8500061035156,224.0800018310547,224.0800018310547,482388,False
2024-10-03 15:45:00-04:00,224.076904296875,224.66000366210935,223.9949951171875,224.6439971923828,224.6439971923828,916519,False
2024-10-03 15:50:00-04:00,224.63999938964844,225.25,224.6199951171875,225.1499938964844,225.1499938964844,1300990,False
2024-10-03 15:55:00-04:00,225.1499938964844,225.83999633789065,225.1499938964844,225.6699981689453,225.6699981689453,2464536,False
2024-10-04 09:30:00-04:00,227.88999938964844,228.0,226.80999755859372,227.0399932861328,227.0399932861328,1861966,False
2024-10-04 09:35:00-04:00,227.07000732421875,227.22000122070312,225.8105010986328,226.0299072265625,226.0299072265625,858852,False
2024-10-04 09:40:00-04:00,226.02999877929688,226.2100067138672,225.6000061035156,225.97000122070312,225.97000122070312,813339,False
2024-10-04 09:45:00-04:00,225.9600982666016,226.2550048828125,225.9499969482422,226.1999969482422,226.1999969482422,543326,False
2024-10-04 09:50:00-04:00,226.21910095214844,226.2400054931641,225.5800018310547,225.6300048828125,225.6300048828125,522056,False
2024-10-04 09:55:00-04:00,225.6199951171875,225.75,225.05999755859372,225.1898956298828,225.1898956298828,726055,False
2024-10-04 10:00:00-04:00,225.13999938964844,225.6300048828125,224.9499969482422,225.5699005126953,225.5699005126953,594347,False
2024-10-04 10:05:00-04:00,225.57000732421875,225.58999633789065,224.77999877929688,224.8294982910156,224.8294982910156,450331,False
2024-10-04 10:10:00-04:00,224.82000732421875,225.1000061035156,224.6000061035156,224.88499450683597,224.88499450683597,541890,False
2024-10-04 10:15:00-04:00,224.8800048828125,225.3300018310547,224.6999969482422,225.22999572753903,225.22999572753903,468875,False
2024-10-04 10:20:00-04:00,225.22999572753903,225.2400054931641,224.60960388183597,224.7350006103516,224.7350006103516,484412,False
2024-10-04 10:25:00-04:00,224.72000122070312,224.8500061035156,224.3800048828125,224.510498046875,224.510498046875,473024,False
2024-10-04 10:30:00-04:00,224.4900054931641,224.89529418945312,224.13999938964844,224.6300048828125,224.6300048828125,676550,False
2024-10-04 10:35:00-04:00,224.6300048828125,225.0399932861328,224.60499572753903,224.88999938964844,224.88999938964844,370799,False
2024-10-04 10:40:00-04:00,224.88999938964844,225.34500122070312,224.8802947998047,225.3000030517578,225.3000030517578,327309,False
2024-10-04 10:45:00-04:00,225.30499267578125,225.33990478515625,224.83999633789065,225.19009399414065,225.19009399414065,341213,False
2024-10-04 10:50:00-04:00,225.17999267578125,225.5399932861328,224.8600006103516,225.1000061035156,225.1000061035156,408248,False
2024-10-04 10:55:00-04:00,225.09500122070312,225.256103515625,224.8211975097656,225.1087951660156,225.1087951660156,296235,False
2024-10-04 11:00:00-04:00,225.1000061035156,225.3350067138672,225.1000061035156,225.13499450683597,225.13499450683597,261342,False
2024-10-04 11:05:00-04:00,225.13999938964844,225.3000030517578,225.0800018310547,225.1000061035156,225.1000061035156,243459,False
2024-10-04 11:10:00-04:00,225.08999633789065,225.2100067138672,225.0200042724609,225.0301055908203,225.0301055908203,99349,False
2024-10-04 11:15:00-04:00,224.6820068359375,225.0200042724609,224.52999877929688,224.87570190429688,224.87570190429688,472279,False
2024-10-04 11:20:00-04:00,224.87869262695312,224.8999938964844,224.50259399414065,224.6199951171875,224.6199951171875,271493,False
2024-10-04 11:25:00-04:00,224.6199951171875,224.6499938964844,224.32000732421875,224.55999755859372,224.55999755859372,403624,False
2024-10-04 11:30:00-04:00,224.52999877929688,224.63800048828125,224.3249969482422,224.6000061035156,224.6000061035156,238408,True
2024-10-04 11:35:00-04:00,224.6000061035156,224.6699981689453,224.50999450683597,224.57000732421875,224.57000732421875,222085,False
2024-10-04 11:40:00-04:00,224.57000732421875,225.0399932861328,224.57000732421875,224.8699951171875,224.8699951171875,260600,False
2024-10-04 11:45:00-04:00,224.8500061035156,224.8800048828125,224.6199951171875,224.67999267578125,224.67999267578125,152896,False
2024-10-04 11:50:00-04:00,224.69000244140625,225.33839416503903,224.6800994873047,225.2523956298828,225.2523956298828,284134,False
2024-10-04 11:55:00-04:00,225.2700042724609,225.52609252929688,225.1999969482422,225.47000122070312,225.47000122070312,278074,False
2024-10-04 12:00:00-04:00,225.5500030517578,225.57000732421875,225.2700042724609,225.32000732421875,225.32000732421875,324908,False
2024-10-04 12:05:00-04:00,225.30029296875,225.3600006103516,224.83999633789065,224.8701019287109,224.8701019287109,247571,False
2024-10-04 12:10:00-04:00,224.8699951171875,225.0800018310547,224.8000030517578,224.8600006103516,224.8600006103516,688817,False
2024-10-04 12:15:00-04:00,224.8500061035156,225.0,224.77999877929688,225.0,225.0,134955,False
2024-10-04 12:20:00-04:00,225.0200042724609,225.02999877929688,224.84500122070312,224.8500061035156,224.8500061035156,129204,False
2024-10-04 12:25:00-04:00,224.85499572753903,224.9499969482422,224.69500732421875,224.9499969482422,224.9499969482422,168026,False
2024-10-04 12:30:00-04:00,224.9571075439453,225.0500030517578,224.8675994873047,224.9499969482422,224.9499969482422,138895,True
2024-10-04 12:35:00-04:00,224.97999572753903,225.47999572753903,224.97999572753903,225.3800048828125,225.3800048828125,254288,False
2024-10-04 12:40:00-04:00,225.3999938964844,225.47999572753903,225.24009704589844,225.38999938964844,225.38999938964844,254423,False
2024-10-04 12:45:00-04:00,225.3650054931641,225.47000122070312,225.11900329589844,225.23199462890625,225.23199462890625,210454,False
2024-10-04 12:50:00-04:00,225.2400054931641,225.2550048828125,224.94000244140625,224.97000122070312,224.97000122070312,185359,False
2024-10-04 12:55:00-04:00,224.97000122070312,225.19000244140625,224.9600067138672,225.13999938964844,225.13999938964844,132208,False
2024-10-04 13:00:00-04:00,225.1499938964844,225.25,225.02999877929688,225.13999938964844,225.13999938964844,115496,False
2024-10-04 13:05:00-04:00,225.1499938964844,225.17379760742188,225.0399932861328,225.07989501953125,225.07989501953125,92190,False
2024-10-04 13:10:00-04:00,225.0800018310547,225.3000030517578,225.0399932861328,225.26400756835935,225.26400756835935,140814,False
2024-10-04 13:15:00-04:00,225.25149536132807,225.37879943847656,225.2400054931641,225.37879943847656,225.37879943847656,176596,False
2024-10-04 13:20:00-04:00,225.3701019287109,225.40989685058597,225.2700042724609,225.3052978515625,225.3052978515625,121138,False
2024-10-04 13:25:00-04:00,225.3332061767578,225.34500122070312,225.10009765625,225.10009765625,225.10009765625,157004,False
2024-10-04 13:30:00-04:00,225.1199951171875,225.22999572753903,224.97999572753903,225.01119995117188,225.01119995117188,182862,True
2024-10-04 13:35:00-04:00,225.00999450683597,225.0500030517578,224.5500030517578,224.8500061035156,224.8500061035156,297328,False
2024-10-04 13:40:00-04:00,224.8500061035156,225.33999633789065,224.80999755859372,225.3300018310547,225.3300018310547,254271,False
2024-10-04 13:45:00-04:00,225.30999755859372,225.3500061035156,225.0399932861328,225.08990478515625,225.08990478515625,201081,False
2024-10-04 13:50:00-04:00,225.0800018310547,225.1790008544922,224.91000366210935,224.97999572753903,224.97999572753903,172201,False
2024-10-04 13:55:00-04:00,224.9900054931641,224.9900054931641,224.8258056640625,224.8800048828125,224.8800048828125,163730,False
2024-10-04 14:00:00-04:00,224.88999938964844,225.0,224.7250061035156,224.75,224.75,226162,False
2024-10-04 14:05:00-04:00,224.74400329589844,224.9199981689453,224.6999969482422,224.8699951171875,224.8699951171875,171263,False
2024-10-04 14:10:00-04:00,224.8650054931641,224.8699951171875,224.7400054931641,224.80999755859372,224.80999755859372,172580,False
2024-10-04 14:15:00-04:00,224.78500366210935,225.0299072265625,224.63999938964844,225.02020263671875,225.02020263671875,229737,False
2024-10-04 14:20:00-04:00,225.0200042724609,225.19000244140625,225.01010131835935,225.05999755859372,225.05999755859372,199334,False
2024-10-04 14:25:00-04:00,225.07000732421875,225.1150054931641,224.9499969482422,225.08999633789065,225.08999633789065,160402,False
2024-10-04 14:30:00-04:00,225.08999633789065,225.22000122070312,225.0399932861328,225.19000244140625,225.19000244140625,200666,True
2024-10-04 14:35:00-04:00,225.19000244140625,225.2350006103516,225.0800018310547,225.1748046875,225.1748046875,180299,False
2024-10-04 14:40:00-04:00,225.1820068359375,225.2899932861328,225.1510009765625,225.22999572753903,225.22999572753903,181831,False
2024-10-04 14:45:00-04:00,225.2400054931641,225.32000732421875,225.22000122070312,225.2949981689453,225.2949981689453,173328,False
2024-10-04 14:50:00-04:00,225.30499267578125,225.5,225.3000030517578,225.3699951171875,225.3699951171875,320543,False
2024-10-04 14:55:00-04:00,225.375,225.5399932861328,225.2899932861328,225.52999877929688,225.52999877929688,260404,False
2024-10-04 15:00:00-04:00,225.52999877929688,225.52999877929688,225.2899932861328,225.42999267578125,225.42999267578125,207660,False
2024-10-04 15:05:00-04:00,225.4199981689453,225.58920288085935,225.4199981689453,225.5419006347656,225.5419006347656,193455,False
2024-10-04 15:10:00-04:00,225.5449981689453,225.5850067138672,225.3101043701172,225.36099243164065,225.36099243164065,325852,False
2024-10-04 15:15:00-04:00,225.3600006103516,225.57000732421875,225.32000732421875,225.52999877929688,225.52999877929688,226996,False
2024-10-04 15:20:00-04:00,225.5500030517578,225.8600006103516,225.5500030517578,225.8199005126953,225.8199005126953,386871,False
2024-10-04 15:25:00-04:00,225.82000732421875,226.19000244140625,225.8000030517578,226.0901031494141,226.0901031494141,471038,False
2024-10-04 15:30:00-04:00,226.09500122070312,226.32020568847656,226.05999755859372,226.28379821777344,226.28379821777344,399209,False
2024-10-04 15:35:00-04:00,226.28700256347656,226.2953948974609,225.92999267578125,226.1300048828125,226.1300048828125,373308,False
2024-10-04 15:40:00-04:00,226.13999938964844,226.3600006103516,226.1000061035156,226.3600006103516,226.3600006103516,361022,False
2024-10-04 15:45:00-04:00,226.30999755859372,226.33999633789065,226.05999755859372,226.27999877929688,226.27999877929688,411571,False
2024-10-04 15:50:00-04:00,226.25999450683597,226.57000732421875,226.1300048828125,226.52999877929688,226.52999877929688,626870,False
2024-10-04 15:55:00-04:00,226.52999877929688,226.97999572753903,226.47000122070312,226.77999877929688,226.77999877929688,2619928,False
